0.0001,0.0001,0.0001,100,5,20.00,300,87.18,24.88
0.0001,0.0001,0.0001,100,5.1,19.61,300,87,24.8
0.0001,0.0001,0.0001,100,5.2,19.23,300,85.82,24.22
0.0001,0.0001,0.0001,100,5.3,18.87,300,85.18,23.65
0.0001,0.0001,0.0001,100,5.4,18.52,300,85.21,23.66
0.0001,0.0001,0.0001,100,5.5,18.18,300,85.24,23.67
0.0001,0.0001,0.0001,100,5.6,17.86,300,85.27,23.68
0.0001,0.0001,0.0001,100,5.7,17.54,300,85.31,23.69
0.0001,0.0001,0.0001,100,5.8,17.24,300,85.34,23.71
0.0001,0.0001,0.0001,100,5.9,16.95,300,85.37,23.72
0.0001,0.0001,0.0001,100,6,16.67,300,85.4,23.73
0.0001,0.0001,0.0001,100,6.1,16.39,300,85.43,23.74
0.0001,0.0001,0.0001,100,6.2,16.13,300,85.47,23.75
0.0001,0.0001,0.0001,100,6.3,15.87,300,85.72,24.18
0.0001,0.0001,0.0001,100,6.4,15.63,300,85.5,23.76
0.0001,0.0001,0.0001,100,6.5,15.38,300,85.53,23.77
0.0001,0.0001,0.0001,100,6.6,15.15,300,85.57,23.79
0.0001,0.0001,0.0001,100,6.7,14.93,300,85.6,23.8
0.0001,0.0001,0.0001,100,6.8,14.71,300,85.63,23.81
0.0001,0.0001,0.0001,100,6.9,14.49,300,85.67,23.82
0.0001,0.0001,0.0001,100,7,14.29,300,85.7,23.83
0.0001,0.0001,0.0001,100,7.1,14.08,300,85.74,23.85
0.0001,0.0001,0.0001,100,7.2,13.89,300,85.77,23.86
0.0001,0.0001,0.0001,100,7.3,13.70,300,85.81,23.87
0.0001,0.0001,0.0001,100,7.4,13.51,300,85.63,24.13
0.0001,0.0001,0.0001,100,7.5,13.33,300,85.85,23.89
0.0001,0.0001,0.0001,100,7.6,13.16,300,85.88,23.9
0.0001,0.0001,0.0001,100,7.7,12.99,300,85.92,23.91
0.0001,0.0001,0.0001,100,7.8,12.82,300,85.95,23.92
0.0001,0.0001,0.0001,100,7.9,12.66,300,85.99,23.94
0.0001,0.0001,0.0001,100,8,12.50,300,86.03,23.95
0.0001,0.0001,0.0001,100,8.1,12.35,300,86.07,23.97
0.0001,0.0001,0.0001,100,8.2,12.20,300,86.1,23.98
0.0001,0.0001,0.0001,100,8.3,12.05,300,86.14,23.99
0.0001,0.0001,0.0001,100,8.4,11.90,300,86.18,24.01
0.0001,0.0001,0.0001,100,8.5,11.76,300,85.54,24.09
0.0001,0.0001,0.0001,100,8.6,11.63,300,86.22,24.02
0.0001,0.0001,0.0001,100,8.7,11.49,300,86.26,24.04
0.0001,0.0001,0.0001,100,8.8,11.36,300,86.3,24.05
0.0001,0.0001,0.0001,100,8.9,11.24,300,86.34,24.06
0.0001,0.0001,0.0001,100,9,11.11,300,86.38,24.08
0.0001,0.0001,0.0001,100,9.1,10.99,300,86.42,24.09
0.0001,0.0001,0.0001,100,9.2,10.87,300,86.46,24.11
0.0001,0.0001,0.0001,100,9.3,10.75,300,86.5,24.12
0.0001,0.0001,0.0001,100,9.4,10.64,300,86.54,24.14
0.0001,0.0001,0.0001,100,9.5,10.53,300,86.58,24.15
0.0001,0.0001,0.0001,100,9.6,10.42,300,85.46,24.05
0.0001,0.0001,0.0001,100,9.7,10.31,300,86.62,24.17
0.0001,0.0001,0.0001,100,9.8,10.20,300,86.66,24.18
0.0001,0.0001,0.0001,100,9.9,10.10,300,86.7,24.2
0.0001,0.0001,0.0001,100,10,10.00,300,86.74,24.22
0.0001,0.0001,0.0001,100,10.1,9.90,300,86.78,24.23
0.0001,0.0001,0.0001,100,10.2,9.80,300,86.82,24.25
0.0001,0.0001,0.0001,100,10.3,9.71,300,86.87,24.26
0.0001,0.0001,0.0001,100,10.4,9.62,300,86.91,24.28
0.0001,0.0001,0.0001,100,10.5,9.52,300,86.95,24.29
0.0001,0.0001,0.0001,100,10.6,9.43,300,86.99,24.31
0.0001,0.0001,0.0001,100,10.7,9.35,300,85.38,24.01
0.0001,0.0001,0.0001,100,10.8,9.26,300,87.04,24.33
0.0001,0.0001,0.0001,100,10.9,9.17,300,82.52,24.69
0.0001,0.0001,0.0001,100,11,9.09,300,82.35,24.61
0.0001,0.0001,0.0001,100,11.1,9.01,300,82.19,24.53
0.0001,0.0001,0.0001,100,11.2,8.93,300,82.05,24.46
0.0001,0.0001,0.0001,100,11.3,8.85,300,81.9,24.39
0.0001,0.0001,0.0001,100,11.4,8.77,300,81.77,24.33
0.0001,0.0001,0.0001,100,11.5,8.70,300,81.64,24.27
0.0001,0.0001,0.0001,100,11.6,8.62,300,81.53,24.21
0.0001,0.0001,0.0001,100,11.7,8.55,300,81.41,24.15
0.0001,0.0001,0.0001,100,11.8,8.47,300,85.3,23.97
0.0001,0.0001,0.0001,100,11.9,8.40,300,81.3,24.1
0.0001,0.0001,0.0001,100,12,8.33,300,81.2,24.05
0.0001,0.0001,0.0001,100,12.1,8.26,300,81.11,24
0.0001,0.0001,0.0001,100,12.2,8.20,300,81.02,23.96
0.0001,0.0001,0.0001,100,12.3,8.13,300,80.93,23.92
0.0001,0.0001,0.0001,100,12.4,8.06,300,80.85,23.88
0.0001,0.0001,0.0001,100,12.5,8.00,300,80.77,23.84
0.0001,0.0001,0.0001,100,12.6,7.94,300,80.7,23.8
0.0001,0.0001,0.0001,100,12.7,7.87,300,80.63,23.77
0.0001,0.0001,0.0001,100,12.8,7.81,300,80.57,23.74
0.0001,0.0001,0.0001,100,12.9,7.75,300,85.23,23.94
0.0001,0.0001,0.0001,100,13,7.69,300,80.5,23.7
0.0001,0.0001,0.0001,100,13.1,7.63,300,80.44,23.67
0.0001,0.0001,0.0001,100,13.2,7.58,300,80.39,23.65
0.0001,0.0001,0.0001,100,13.3,7.52,300,80.34,23.62
0.0001,0.0001,0.0001,100,13.4,7.46,300,80.29,23.59
0.0001,0.0001,0.0001,100,13.5,7.41,300,80.24,23.57
0.0001,0.0001,0.0001,100,13.6,7.35,300,80.2,23.55
0.0001,0.0001,0.0001,100,13.7,7.30,300,80.16,23.53
0.0001,0.0001,0.0001,100,13.8,7.25,300,80.12,23.51
0.0001,0.0001,0.0001,100,13.9,7.19,300,80.08,23.49
0.0001,0.0001,0.0001,100,14,7.14,300,85.16,23.9
0.0001,0.0001,0.0001,100,14.1,7.09,300,80.05,23.47
0.0001,0.0001,0.0001,100,14.2,7.04,300,80.02,23.45
0.0001,0.0001,0.0001,100,14.3,6.99,300,79.99,23.43
0.0001,0.0001,0.0001,100,14.4,6.94,300,79.96,23.42
0.0001,0.0001,0.0001,100,14.5,6.90,300,79.94,23.41
0.0001,0.0001,0.0001,100,14.6,6.85,300,79.91,23.39
0.0001,0.0001,0.0001,100,14.7,6.80,300,79.89,23.38
0.0001,0.0001,0.0001,100,14.8,6.76,300,79.87,23.37
0.0001,0.0001,0.0001,100,14.9,6.71,300,79.85,23.35
0.0001,0.0001,0.0001,100,15,6.67,300,79.83,23.34
0.0001,0.0001,0.0001,100,15.1,6.62,300,85.1,23.87
0.0001,0.0001,0.0001,100,15.2,6.58,300,79.82,23.33
0.0001,0.0001,0.0001,100,15.3,6.54,300,79.81,23.33
0.0001,0.0001,0.0001,100,15.4,6.49,300,79.79,23.32
0.0001,0.0001,0.0001,100,15.5,6.45,300,79.78,23.31
0.0001,0.0001,0.0001,100,15.6,6.41,300,79.77,23.3
0.0001,0.0001,0.0001,100,15.7,6.37,300,79.76,23.29
0.0001,0.0001,0.0001,100,15.8,6.33,300,79.76,23.29
0.0001,0.0001,0.0001,100,15.9,6.29,300,79.75,23.28
0.0001,0.0001,0.0001,100,16,6.25,300,79.75,23.28
0.0001,0.0001,0.0001,100,16.1,6.21,300,79.74,23.27
0.0001,0.0001,0.0001,100,16.2,6.17,300,86.84,24.72
0.0001,0.0001,0.0001,100,16.3,6.13,300,85.04,23.84
0.0001,0.0001,0.0001,100,16.4,6.10,300,79.74,23.27
0.0001,0.0001,0.0001,100,16.5,6.06,300,79.74,23.26
0.0001,0.0001,0.0001,100,16.6,6.02,300,79.74,23.26
0.0001,0.0001,0.0001,100,16.7,5.99,300,79.74,23.26
0.0001,0.0001,0.0001,100,16.8,5.95,300,79.74,23.26
0.0001,0.0001,0.0001,100,16.9,5.92,300,79.74,23.25
0.0001,0.0001,0.0001,100,17,5.88,300,79.75,23.25
0.0001,0.0001,0.0001,100,17.1,5.85,300,79.75,23.25
0.0001,0.0001,0.0001,100,17.2,5.81,300,79.76,23.25
0.0001,0.0001,0.0001,100,17.3,5.78,300,79.76,23.25
0.0001,0.0001,0.0001,100,17.4,5.75,300,84.98,23.81
0.0001,0.0001,0.0001,100,17.5,5.71,300,79.77,23.25
0.0001,0.0001,0.0001,100,17.6,5.68,300,79.78,23.25
0.0001,0.0001,0.0001,100,17.7,5.65,300,79.79,23.25
0.0001,0.0001,0.0001,100,17.8,5.62,300,79.8,23.25
0.0001,0.0001,0.0001,100,17.9,5.59,300,79.81,23.25
0.0001,0.0001,0.0001,100,18,5.56,300,79.82,23.26
0.0001,0.0001,0.0001,100,18.1,5.52,300,79.83,23.26
0.0001,0.0001,0.0001,100,18.2,5.49,300,79.84,23.26
0.0001,0.0001,0.0001,100,18.3,5.46,300,79.86,23.26
0.0001,0.0001,0.0001,100,18.4,5.43,300,79.87,23.27
0.0001,0.0001,0.0001,100,18.5,5.41,300,84.93,23.79
0.0001,0.0001,0.0001,100,18.6,5.38,300,79.88,23.27
0.0001,0.0001,0.0001,100,18.7,5.35,300,79.9,23.27
0.0001,0.0001,0.0001,100,18.8,5.32,300,79.91,23.28
0.0001,0.0001,0.0001,100,18.9,5.29,300,79.93,23.28
0.0001,0.0001,0.0001,100,19,5.26,300,79.95,23.29
0.0001,0.0001,0.0001,100,19.1,5.24,300,79.96,23.29
0.0001,0.0001,0.0001,100,19.2,5.21,300,79.98,23.29
0.0001,0.0001,0.0001,100,19.3,5.18,300,80,23.3
0.0001,0.0001,0.0001,100,19.4,5.15,300,80.02,23.31
0.0001,0.0001,0.0001,100,19.5,5.13,300,80.04,23.31
0.0001,0.0001,0.0001,100,19.6,5.10,300,84.88,23.76
0.0001,0.0001,0.0001,100,19.7,5.08,300,80.06,23.32
0.0001,0.0001,0.0001,100,19.8,5.05,300,80.08,23.32
0.0001,0.0001,0.0001,100,19.9,5.03,300,80.1,23.33
0.0001,0.0001,0.0001,100,20,5.00,300,80.12,23.34
0.0001,0.0001,0.0001,95,4.873397172,19.49,285,84.35789474,24.56842105
0.0001,0.0001,0.0001,95,4.970865116,19.11,285,84.38947368,24.57894737
0.0001,0.0001,0.0001,95,5.068333059,18.74,285,84.41052632,24.58947368
0.0001,0.0001,0.0001,95,5.165801003,18.39,285,84.43157895,24.58947368
0.0001,0.0001,0.0001,95,5.263268946,18.05,285,84.46315789,24.6
0.0001,0.0001,0.0001,95,5.36073689,17.72,285,84.48421053,24.61052632
0.0001,0.0001,0.0001,95,5.458204833,17.40,285,89.29473684,24.98947368
0.0001,0.0001,0.0001,95,5.555672777,17.10,285,84.51578947,24.62105263
0.0001,0.0001,0.0001,95,5.65314072,16.80,285,84.53684211,24.63157895
0.0001,0.0001,0.0001,95,5.750608663,16.52,285,84.56842105,24.63157895
0.0001,0.0001,0.0001,95,5.848076607,16.24,285,84.58947368,24.64210526
0.0001,0.0001,0.0001,95,5.94554455,15.98,285,84.62105263,24.65263158
0.0001,0.0001,0.0001,95,6.043012494,15.72,285,84.65263158,24.66315789
0.0001,0.0001,0.0001,95,6.140480437,15.47,285,84.67368421,24.67368421
0.0001,0.0001,0.0001,95,6.237948381,15.23,285,84.70526316,24.68421053
0.0001,0.0001,0.0001,95,6.335416324,15.00,285,84.73684211,24.69473684
0.0001,0.0001,0.0001,95,6.432884268,14.77,285,84.76842105,24.70526316
0.0001,0.0001,0.0001,95,6.530352211,14.55,285,89.25263158,24.95789474
0.0001,0.0001,0.0001,95,6.627820154,14.33,285,84.78947368,24.71578947
0.0001,0.0001,0.0001,95,6.725288098,14.13,285,84.82105263,24.72631579
0.0001,0.0001,0.0001,95,6.822756041,13.92,285,84.85263158,24.73684211
0.0001,0.0001,0.0001,95,6.920223985,13.73,285,84.88421053,24.74736842
0.0001,0.0001,0.0001,95,7.017691928,13.54,285,84.91578947,24.75789474
0.0001,0.0001,0.0001,95,7.115159872,13.35,285,84.94736842,24.76842105
0.0001,0.0001,0.0001,95,7.212627815,13.17,285,84.97894737,24.77894737
0.0001,0.0001,0.0001,95,7.310095759,13.00,285,85.01052632,24.78947368
0.0001,0.0001,0.0001,95,7.407563702,12.82,285,85.05263158,24.8
0.0001,0.0001,0.0001,95,7.505031646,12.66,285,85.08421053,24.81052632
0.0001,0.0001,0.0001,95,7.602499589,12.50,285,89.21052632,24.93684211
0.0001,0.0001,0.0001,95,7.699967532,12.34,285,85.11578947,24.82105263
0.0001,0.0001,0.0001,95,7.797435476,12.18,285,85.14736842,24.83157895
0.0001,0.0001,0.0001,95,7.894903419,12.03,285,85.17894737,24.84210526
0.0001,0.0001,0.0001,95,7.992371363,11.89,285,85.22105263,24.86315789
0.0001,0.0001,0.0001,95,8.089839306,11.74,285,85.25263158,24.87368421
0.0001,0.0001,0.0001,95,8.18730725,11.60,285,85.28421053,24.88421053
0.0001,0.0001,0.0001,95,8.284775193,11.47,285,85.32631579,24.89473684
0.0001,0.0001,0.0001,95,8.382243137,11.33,285,85.35789474,24.90526316
0.0001,0.0001,0.0001,95,8.47971108,11.20,285,85.38947368,24.92631579
0.0001,0.0001,0.0001,95,8.577179023,11.08,285,85.43157895,24.93684211
0.0001,0.0001,0.0001,95,8.674646967,10.95,285,89.16842105,24.91578947
0.0001,0.0001,0.0001,95,8.77211491,10.83,285,85.46315789,24.94736842
0.0001,0.0001,0.0001,95,8.869582854,10.71,285,85.50526316,24.95789474
0.0001,0.0001,0.0001,95,8.967050797,10.59,285,85.53684211,24.97894737
0.0001,0.0001,0.0001,95,9.064518741,10.48,285,85.57894737,24.98947368
0.0001,0.0001,0.0001,95,9.161986684,10.37,285,85.61052632,25
0.0001,0.0001,0.0001,95,9.259454628,10.26,285,85.65263158,25.01052632
0.0001,0.0001,0.0001,95,9.356922571,10.15,285,85.69473684,25.03157895
0.0001,0.0001,0.0001,95,9.454390514,10.05,285,85.72631579,25.04210526
0.0001,0.0001,0.0001,95,9.551858458,9.95,285,85.76842105,25.06315789
0.0001,0.0001,0.0001,95,9.649326401,9.85,285,85.81052632,25.07368421
0.0001,0.0001,0.0001,95,9.746794345,9.75,285,89.12631579,24.89473684
0.0001,0.0001,0.0001,95,9.844262288,9.65,285,85.84210526,25.08421053
0.0001,0.0001,0.0001,95,9.941730232,9.56,285,85.88421053,25.10526316
0.0001,0.0001,0.0001,95,10.03919818,9.46,285,85.92631579,25.11578947
0.0001,0.0001,0.0001,95,10.13666612,9.37,285,85.96842105,25.12631579
0.0001,0.0001,0.0001,95,10.23413406,9.28,285,86,25.14736842
0.0001,0.0001,0.0001,95,10.33160201,9.20,285,86.04210526,25.15789474
0.0001,0.0001,0.0001,95,10.42906995,9.11,285,86.08421053,25.17894737
0.0001,0.0001,0.0001,95,10.52653789,9.02,285,86.12631579,25.18947368
0.0001,0.0001,0.0001,95,10.62400584,8.94,285,86.16842105,25.21052632
0.0001,0.0001,0.0001,95,10.72147378,8.86,285,86.21052632,25.22105263
0.0001,0.0001,0.0001,95,10.81894172,8.78,285,89.09473684,24.87368421
0.0001,0.0001,0.0001,95,10.91640967,8.70,285,86.25263158,25.24210526
0.0001,0.0001,0.0001,95,11.01387761,8.63,285,86.29473684,25.25263158
0.0001,0.0001,0.0001,95,11.11134555,8.55,285,86.33684211,25.27368421
0.0001,0.0001,0.0001,95,11.2088135,8.48,285,86.37894737,25.28421053
0.0001,0.0001,0.0001,95,11.30628144,8.40,285,86.42105263,25.30526316
0.0001,0.0001,0.0001,95,11.40374938,8.33,285,86.46315789,25.31578947
0.0001,0.0001,0.0001,95,11.50121733,8.26,285,86.50526316,25.33684211
0.0001,0.0001,0.0001,95,11.59868527,8.19,285,86.54736842,25.34736842
0.0001,0.0001,0.0001,95,11.69615321,8.12,285,86.58947368,25.36842105
0.0001,0.0001,0.0001,95,11.79362116,8.06,285,86.63157895,25.38947368
0.0001,0.0001,0.0001,95,11.8910891,7.99,285,91.25263158,25.93684211
0.0001,0.0001,0.0001,95,11.98855704,7.92,285,89.05263158,24.86315789
0.0001,0.0001,0.0001,95,12.08602499,7.86,285,86.67368421,25.4
0.0001,0.0001,0.0001,95,12.18349293,7.80,285,86.71578947,25.42105263
0.0001,0.0001,0.0001,95,12.28096087,7.74,285,81.96842105,25.82105263
0.0001,0.0001,0.0001,95,12.37842882,7.67,285,81.8,25.73684211
0.0001,0.0001,0.0001,95,12.47589676,7.61,285,81.64210526,25.65263158
0.0001,0.0001,0.0001,95,12.5733647,7.56,285,81.48421053,25.57894737
0.0001,0.0001,0.0001,95,12.67083265,7.50,285,81.33684211,25.50526316
0.0001,0.0001,0.0001,95,12.76830059,7.44,285,81.21052632,25.44210526
0.0001,0.0001,0.0001,95,12.86576854,7.38,285,81.07368421,25.37894737
0.0001,0.0001,0.0001,95,12.96323648,7.33,285,80.95789474,25.31578947
0.0001,0.0001,0.0001,95,13.06070442,7.27,285,89.02105263,24.84210526
0.0001,0.0001,0.0001,95,13.15817237,7.22,285,80.84210526,25.26315789
0.0001,0.0001,0.0001,95,13.25564031,7.17,285,80.72631579,25.21052632
0.0001,0.0001,0.0001,95,13.35310825,7.11,285,80.62105263,25.15789474
0.0001,0.0001,0.0001,95,13.4505762,7.06,285,80.52631579,25.10526316
0.0001,0.0001,0.0001,95,13.54804414,7.01,285,80.43157895,25.06315789
0.0001,0.0001,0.0001,95,13.64551208,6.96,285,80.34736842,25.02105263
0.0001,0.0001,0.0001,95,13.74298003,6.91,285,80.26315789,24.97894737
0.0001,0.0001,0.0001,95,13.84044797,6.86,285,80.18947368,24.93684211
0.0001,0.0001,0.0001,95,13.93791591,6.82,285,80.11578947,24.89473684
0.0001,0.0001,0.0001,95,14.03538386,6.77,285,80.04210526,24.86315789
0.0001,0.0001,0.0001,95,14.1328518,6.72,285,89,24.82105263
0.0001,0.0001,0.0001,95,14.23031974,6.68,285,79.96842105,24.83157895
0.0001,0.0001,0.0001,95,14.32778769,6.63,285,79.91578947,24.8
0.0001,0.0001,0.0001,95,14.42525563,6.59,285,79.85263158,24.76842105
0.0001,0.0001,0.0001,95,14.52272357,6.54,285,79.8,24.73684211
0.0001,0.0001,0.0001,95,14.62019152,6.50,285,79.73684211,24.71578947
0.0001,0.0001,0.0001,95,14.71765946,6.45,285,79.69473684,24.68421053
0.0001,0.0001,0.0001,95,14.8151274,6.41,285,79.64210526,24.66315789
0.0001,0.0001,0.0001,95,14.91259535,6.37,285,79.6,24.64210526
0.0001,0.0001,0.0001,95,15.01006329,6.33,285,79.55789474,24.61052632
0.0001,0.0001,0.0001,95,15.10753123,6.29,285,79.51578947,24.58947368
0.0001,0.0001,0.0001,95,15.20499918,6.25,285,88.96842105,24.81052632
0.0001,0.0001,0.0001,95,15.30246712,6.21,285,79.48421053,24.57894737
0.0001,0.0001,0.0001,95,15.39993506,6.17,285,79.45263158,24.55789474
0.0001,0.0001,0.0001,95,15.49740301,6.13,285,79.42105263,24.53684211
0.0001,0.0001,0.0001,95,15.59487095,6.09,285,79.38947368,24.51578947
0.0001,0.0001,0.0001,95,15.6923389,6.05,285,79.35789474,24.50526316
0.0001,0.0001,0.0001,95,15.78980684,6.02,285,79.33684211,24.49473684
0.0001,0.0001,0.0001,95,15.88727478,5.98,285,79.30526316,24.47368421
0.0001,0.0001,0.0001,95,15.98474273,5.94,285,79.28421053,24.46315789
0.0001,0.0001,0.0001,95,16.08221067,5.91,285,79.26315789,24.45263158
0.0001,0.0001,0.0001,95,16.17967861,5.87,285,79.24210526,24.44210526
0.0001,0.0001,0.0001,95,16.27714656,5.84,285,88.94736842,24.78947368
0.0001,0.0001,0.0001,95,16.3746145,5.80,285,79.23157895,24.43157895
0.0001,0.0001,0.0001,95,16.47208244,5.77,285,79.21052632,24.42105263
0.0001,0.0001,0.0001,95,16.56955039,5.73,285,79.2,24.41052632
0.0001,0.0001,0.0001,95,16.66701833,5.70,285,79.18947368,24.4
0.0001,0.0001,0.0001,95,16.76448627,5.67,285,79.17894737,24.38947368
0.0001,0.0001,0.0001,95,16.86195422,5.63,285,79.16842105,24.37894737
0.0001,0.0001,0.0001,95,16.95942216,5.60,285,79.15789474,24.37894737
0.0001,0.0001,0.0001,95,17.0568901,5.57,285,79.14736842,24.36842105
0.0001,0.0001,0.0001,95,17.15435805,5.54,285,79.14736842,24.36842105
0.0001,0.0001,0.0001,95,17.25182599,5.51,285,79.13684211,24.35789474
0.0001,0.0001,0.0001,95,17.34929393,5.48,285,88.91578947,24.77894737
0.0001,0.0001,0.0001,95,17.44676188,5.45,285,79.13684211,24.35789474
0.0001,0.0001,0.0001,95,17.54422982,5.41,285,79.13684211,24.34736842
0.0001,0.0001,0.0001,95,17.64169776,5.38,285,79.13684211,24.34736842
0.0001,0.0001,0.0001,95,17.73916571,5.36,285,79.12631579,24.33684211
0.0001,0.0001,0.0001,95,17.83663365,5.33,285,79.13684211,24.33684211
0.0001,0.0001,0.0001,95,17.93410159,5.30,285,79.13684211,24.33684211
0.0001,0.0001,0.0001,95,18.03156954,5.27,285,79.13684211,24.33684211
0.0001,0.0001,0.0001,95,18.12903748,5.24,285,79.13684211,24.33684211
0.0001,0.0001,0.0001,95,18.22650542,5.21,285,79.14736842,24.32631579
0.0001,0.0001,0.0001,95,18.32397337,5.18,285,79.14736842,24.32631579
0.0001,0.0001,0.0001,95,18.42144131,5.16,285,88.89473684,24.76842105
0.0001,0.0001,0.0001,95,18.51890926,5.13,285,79.15789474,24.32631579
0.0001,0.0001,0.0001,95,18.6163772,5.10,285,79.16842105,24.32631579
0.0001,0.0001,0.0001,95,18.71384514,5.08,285,79.16842105,24.32631579
0.0001,0.0001,0.0001,95,18.81131309,5.05,285,79.17894737,24.32631579
0.0001,0.0001,0.0001,95,18.90878103,5.02,285,79.18947368,24.33684211
0.0001,0.0001,0.0001,95,19.00624897,5.00,285,79.2,24.33684211
0.0001,0.0001,0.0001,95,19.10371692,4.97,285,79.21052632,24.33684211
0.0001,0.0001,0.0001,95,19.20118486,4.95,285,79.22105263,24.33684211
0.0001,0.0001,0.0001,95,19.2986528,4.92,285,79.24210526,24.33684211
0.0001,0.0001,0.0001,95,19.39612075,4.90,285,79.25263158,24.34736842
0.0001,0.0001,0.0001,95,19.49358869,4.87,285,88.87368421,24.75789474
0.0001,0.0001,0.0001,90,4.74341649,18.97,270,83.66666667,25.7
0.0001,0.0001,0.0001,90,4.83828482,18.60,270,83.67777778,25.7
0.0001,0.0001,0.0001,90,4.93315315,18.24,270,83.7,25.71111111
0.0001,0.0001,0.0001,90,5.02802148,17.90,270,83.71111111,25.71111111
0.0001,0.0001,0.0001,90,5.122889809,17.57,270,83.73333333,25.71111111
0.0001,0.0001,0.0001,90,5.217758139,17.25,270,83.75555556,25.72222222
0.0001,0.0001,0.0001,90,5.312626469,16.94,270,83.76666667,25.72222222
0.0001,0.0001,0.0001,90,5.407494799,16.64,270,83.78888889,25.73333333
0.0001,0.0001,0.0001,90,5.502363129,16.36,270,83.81111111,25.73333333
0.0001,0.0001,0.0001,90,5.597231458,16.08,270,83.83333333,25.74444444
0.0001,0.0001,0.0001,90,5.692099788,15.81,270,93.8,26.12222222
0.0001,0.0001,0.0001,90,5.786968118,15.55,270,83.85555556,25.74444444
0.0001,0.0001,0.0001,90,5.881836448,15.30,270,83.87777778,25.75555556
0.0001,0.0001,0.0001,90,5.976704778,15.06,270,83.9,25.75555556
0.0001,0.0001,0.0001,90,6.071573108,14.82,270,83.92222222,25.76666667
0.0001,0.0001,0.0001,90,6.166441437,14.60,270,83.94444444,25.77777778
0.0001,0.0001,0.0001,90,6.261309767,14.37,270,83.96666667,25.77777778
0.0001,0.0001,0.0001,90,6.356178097,14.16,270,83.98888889,25.78888889
0.0001,0.0001,0.0001,90,6.451046427,13.95,270,84.01111111,25.8
0.0001,0.0001,0.0001,90,6.545914757,13.75,270,84.03333333,25.8
0.0001,0.0001,0.0001,90,6.640783086,13.55,270,84.06666667,25.81111111
0.0001,0.0001,0.0001,90,6.735651416,13.36,270,93.77777778,26.11111111
0.0001,0.0001,0.0001,90,6.830519746,13.18,270,84.08888889,25.82222222
0.0001,0.0001,0.0001,90,6.925388076,13.00,270,84.11111111,25.83333333
0.0001,0.0001,0.0001,90,7.020256406,12.82,270,84.14444444,25.83333333
0.0001,0.0001,0.0001,90,7.115124735,12.65,270,84.16666667,25.84444444
0.0001,0.0001,0.0001,90,7.209993065,12.48,270,84.2,25.85555556
0.0001,0.0001,0.0001,90,7.304861395,12.32,270,84.22222222,25.86666667
0.0001,0.0001,0.0001,90,7.399729725,12.16,270,84.25555556,25.87777778
0.0001,0.0001,0.0001,90,7.494598055,12.01,270,84.28888889,25.88888889
0.0001,0.0001,0.0001,90,7.589466384,11.86,270,84.31111111,25.88888889
0.0001,0.0001,0.0001,90,7.684334714,11.71,270,84.34444444,25.9
0.0001,0.0001,0.0001,90,7.779203044,11.57,270,96.15555556,27.3
0.0001,0.0001,0.0001,90,7.874071374,11.43,270,93.76666667,26.1
0.0001,0.0001,0.0001,90,7.968939704,11.29,270,84.37777778,25.91111111
0.0001,0.0001,0.0001,90,8.063808033,11.16,270,84.4,25.92222222
0.0001,0.0001,0.0001,90,8.158676363,11.03,270,84.43333333,25.93333333
0.0001,0.0001,0.0001,90,8.253544693,10.90,270,84.46666667,25.94444444
0.0001,0.0001,0.0001,90,8.348413023,10.78,270,84.5,25.95555556
0.0001,0.0001,0.0001,90,8.443281353,10.66,270,84.53333333,25.96666667
0.0001,0.0001,0.0001,90,8.538149682,10.54,270,84.56666667,25.97777778
0.0001,0.0001,0.0001,90,8.633018012,10.43,270,84.6,25.98888889
0.0001,0.0001,0.0001,90,8.727886342,10.31,270,84.63333333,26
0.0001,0.0001,0.0001,90,8.822754672,10.20,270,84.66666667,26.01111111
0.0001,0.0001,0.0001,90,8.917623002,10.09,270,93.74444444,26.08888889
0.0001,0.0001,0.0001,90,9.012491331,9.99,270,84.7,26.02222222
0.0001,0.0001,0.0001,90,9.107359661,9.88,270,84.73333333,26.03333333
0.0001,0.0001,0.0001,90,9.202227991,9.78,270,84.76666667,26.05555556
0.0001,0.0001,0.0001,90,9.297096321,9.68,270,84.8,26.06666667
0.0001,0.0001,0.0001,90,9.391964651,9.58,270,84.83333333,26.07777778
0.0001,0.0001,0.0001,90,9.486832981,9.49,270,84.87777778,26.08888889
0.0001,0.0001,0.0001,90,9.58170131,9.39,270,84.91111111,26.1
0.0001,0.0001,0.0001,90,9.67656964,9.30,270,84.94444444,26.11111111
0.0001,0.0001,0.0001,90,9.77143797,9.21,270,84.97777778,26.13333333
0.0001,0.0001,0.0001,90,9.8663063,9.12,270,85.02222222,26.14444444
0.0001,0.0001,0.0001,90,9.96117463,9.04,270,93.73333333,26.07777778
0.0001,0.0001,0.0001,90,10.05604296,8.95,270,85.05555556,26.15555556
0.0001,0.0001,0.0001,90,10.15091129,8.87,270,85.08888889,26.16666667
0.0001,0.0001,0.0001,90,10.24577962,8.78,270,85.13333333,26.17777778
0.0001,0.0001,0.0001,90,10.34064795,8.70,270,85.16666667,26.2
0.0001,0.0001,0.0001,90,10.43551628,8.62,270,85.21111111,26.21111111
0.0001,0.0001,0.0001,90,10.53038461,8.55,270,85.24444444,26.22222222
0.0001,0.0001,0.0001,90,10.62525294,8.47,270,85.28888889,26.24444444
0.0001,0.0001,0.0001,90,10.72012127,8.40,270,85.32222222,26.25555556
0.0001,0.0001,0.0001,90,10.8149896,8.32,270,85.36666667,26.26666667
0.0001,0.0001,0.0001,90,10.90985793,8.25,270,85.4,26.28888889
0.0001,0.0001,0.0001,90,11.00472626,8.18,270,93.72222222,26.06666667
0.0001,0.0001,0.0001,90,11.09959459,8.11,270,85.44444444,26.3
0.0001,0.0001,0.0001,90,11.19446292,8.04,270,85.47777778,26.31111111
0.0001,0.0001,0.0001,90,11.28933125,7.97,270,85.52222222,26.33333333
0.0001,0.0001,0.0001,90,11.38419958,7.91,270,85.56666667,26.34444444
0.0001,0.0001,0.0001,90,11.47906791,7.84,270,85.6,26.35555556
0.0001,0.0001,0.0001,90,11.57393624,7.78,270,85.64444444,26.37777778
0.0001,0.0001,0.0001,90,11.66880457,7.71,270,85.68888889,26.38888889
0.0001,0.0001,0.0001,90,11.7636729,7.65,270,85.72222222,26.41111111
0.0001,0.0001,0.0001,90,11.85854123,7.59,270,85.76666667,26.42222222
0.0001,0.0001,0.0001,90,11.95340956,7.53,270,85.81111111,26.43333333
0.0001,0.0001,0.0001,90,12.04827789,7.47,270,93.71111111,26.06666667
0.0001,0.0001,0.0001,90,12.14314622,7.41,270,85.85555556,26.45555556
0.0001,0.0001,0.0001,90,12.23801454,7.35,270,85.9,26.46666667
0.0001,0.0001,0.0001,90,12.33288287,7.30,270,85.93333333,26.48888889
0.0001,0.0001,0.0001,90,12.4277512,7.24,270,85.97777778,26.5
0.0001,0.0001,0.0001,90,12.52261953,7.19,270,86.02222222,26.52222222
0.0001,0.0001,0.0001,90,12.61748786,7.13,270,86.06666667,26.53333333
0.0001,0.0001,0.0001,90,12.71235619,7.08,270,86.11111111,26.55555556
0.0001,0.0001,0.0001,90,12.80722452,7.03,270,86.15555556,26.56666667
0.0001,0.0001,0.0001,90,12.90209285,6.98,270,86.2,26.58888889
0.0001,0.0001,0.0001,90,12.99696118,6.92,270,86.24444444,26.6
0.0001,0.0001,0.0001,90,13.09182951,6.87,270,93.71111111,26.05555556
0.0001,0.0001,0.0001,90,13.18669784,6.83,270,86.28888889,26.62222222
0.0001,0.0001,0.0001,90,13.28156617,6.78,270,86.33333333,26.63333333
0.0001,0.0001,0.0001,90,13.3764345,6.73,270,86.37777778,26.65555556
0.0001,0.0001,0.0001,90,13.47130283,6.68,270,81.37777778,27.08888889
0.0001,0.0001,0.0001,90,13.56617116,6.63,270,81.2,27.01111111
0.0001,0.0001,0.0001,90,13.66103949,6.59,270,81.03333333,26.92222222
0.0001,0.0001,0.0001,90,13.75590782,6.54,270,80.87777778,26.84444444
0.0001,0.0001,0.0001,90,13.85077615,6.50,270,80.73333333,26.77777778
0.0001,0.0001,0.0001,90,13.94564448,6.45,270,80.58888889,26.7
0.0001,0.0001,0.0001,90,14.04051281,6.41,270,80.45555556,26.63333333
0.0001,0.0001,0.0001,90,14.13538114,6.37,270,93.7,26.04444444
0.0001,0.0001,0.0001,90,14.23024947,6.32,270,80.33333333,26.57777778
0.0001,0.0001,0.0001,90,14.3251178,6.28,270,80.21111111,26.51111111
0.0001,0.0001,0.0001,90,14.41998613,6.24,270,80.1,26.45555556
0.0001,0.0001,0.0001,90,14.51485446,6.20,270,80,26.41111111
0.0001,0.0001,0.0001,90,14.60972279,6.16,270,79.9,26.35555556
0.0001,0.0001,0.0001,90,14.70459112,6.12,270,79.8,26.31111111
0.0001,0.0001,0.0001,90,14.79945945,6.08,270,79.71111111,26.26666667
0.0001,0.0001,0.0001,90,14.89432778,6.04,270,79.62222222,26.22222222
0.0001,0.0001,0.0001,90,14.98919611,6.00,270,79.54444444,26.17777778
0.0001,0.0001,0.0001,90,15.08406444,5.97,270,79.46666667,26.14444444
0.0001,0.0001,0.0001,90,15.17893277,5.93,270,93.7,26.04444444
0.0001,0.0001,0.0001,90,15.2738011,5.89,270,79.4,26.1
0.0001,0.0001,0.0001,90,15.36866943,5.86,270,79.33333333,26.06666667
0.0001,0.0001,0.0001,90,15.46353776,5.82,270,79.26666667,26.03333333
0.0001,0.0001,0.0001,90,15.55840609,5.78,270,79.21111111,26.01111111
0.0001,0.0001,0.0001,90,15.65327442,5.75,270,79.14444444,25.97777778
0.0001,0.0001,0.0001,90,15.74814275,5.71,270,79.08888889,25.94444444
0.0001,0.0001,0.0001,90,15.84301108,5.68,270,79.04444444,25.92222222
0.0001,0.0001,0.0001,90,15.93787941,5.65,270,79,25.9
0.0001,0.0001,0.0001,90,16.03274774,5.61,270,78.94444444,25.86666667
0.0001,0.0001,0.0001,90,16.12761607,5.58,270,78.91111111,25.84444444
0.0001,0.0001,0.0001,90,16.2224844,5.55,270,93.68888889,26.03333333
0.0001,0.0001,0.0001,90,16.31735273,5.52,270,78.86666667,25.82222222
0.0001,0.0001,0.0001,90,16.41222106,5.48,270,78.83333333,25.81111111
0.0001,0.0001,0.0001,90,16.50708939,5.45,270,78.78888889,25.78888889
0.0001,0.0001,0.0001,90,16.60195772,5.42,270,78.76666667,25.76666667
0.0001,0.0001,0.0001,90,16.69682605,5.39,270,78.73333333,25.75555556
0.0001,0.0001,0.0001,90,16.79169438,5.36,270,78.7,25.73333333
0.0001,0.0001,0.0001,90,16.88656271,5.33,270,78.67777778,25.72222222
0.0001,0.0001,0.0001,90,16.98143104,5.30,270,78.65555556,25.7
0.0001,0.0001,0.0001,90,17.07629936,5.27,270,78.63333333,25.68888889
0.0001,0.0001,0.0001,90,17.17116769,5.24,270,78.61111111,25.67777778
0.0001,0.0001,0.0001,90,17.26603602,5.21,270,93.68888889,26.03333333
0.0001,0.0001,0.0001,90,17.36090435,5.18,270,78.58888889,25.66666667
0.0001,0.0001,0.0001,90,17.45577268,5.16,270,78.56666667,25.65555556
0.0001,0.0001,0.0001,90,17.55064101,5.13,270,78.55555556,25.64444444
0.0001,0.0001,0.0001,90,17.64550934,5.10,270,78.54444444,25.63333333
0.0001,0.0001,0.0001,90,17.74037767,5.07,270,78.52222222,25.62222222
0.0001,0.0001,0.0001,90,17.835246,5.05,270,78.51111111,25.61111111
0.0001,0.0001,0.0001,90,17.93011433,5.02,270,78.51111111,25.61111111
0.0001,0.0001,0.0001,90,18.02498266,4.99,270,78.5,25.6
0.0001,0.0001,0.0001,90,18.11985099,4.97,270,78.48888889,25.6
0.0001,0.0001,0.0001,90,18.21471932,4.94,270,78.48888889,25.58888889
0.0001,0.0001,0.0001,90,18.30958765,4.92,270,96,27.23333333
0.0001,0.0001,0.0001,90,18.40445598,4.89,270,93.68888889,26.03333333
0.0001,0.0001,0.0001,90,18.49932431,4.87,270,78.47777778,25.57777778
0.0001,0.0001,0.0001,90,18.59419264,4.84,270,78.47777778,25.57777778
0.0001,0.0001,0.0001,90,18.68906097,4.82,270,78.47777778,25.57777778
0.0001,0.0001,0.0001,90,18.7839293,4.79,270,78.46666667,25.56666667
0.0001,0.0001,0.0001,90,18.87879763,4.77,270,78.46666667,25.56666667
0.0001,0.0001,0.0001,90,18.97366596,4.74,270,78.46666667,25.56666667
0.0001,0.0001,0.0001,85,4.609772229,18.44,255,83.09411765,27.05882353
0.0001,0.0001,0.0001,85,4.701967673,18.08,255,83.09411765,27.05882353
0.0001,0.0001,0.0001,85,4.794163118,17.73,255,83.09411765,27.05882353
0.0001,0.0001,0.0001,85,4.886358562,17.40,255,83.10588235,27.05882353
0.0001,0.0001,0.0001,85,4.978554007,17.07,255,99.2,27.55294118
0.0001,0.0001,0.0001,85,5.070749452,16.76,255,83.10588235,27.05882353
0.0001,0.0001,0.0001,85,5.162944896,16.46,255,83.11764706,27.05882353
0.0001,0.0001,0.0001,85,5.255140341,16.17,255,83.11764706,27.05882353
0.0001,0.0001,0.0001,85,5.347335785,15.90,255,83.12941176,27.05882353
0.0001,0.0001,0.0001,85,5.43953123,15.63,255,83.14117647,27.05882353
0.0001,0.0001,0.0001,85,5.531726674,15.37,255,83.15294118,27.05882353
0.0001,0.0001,0.0001,85,5.623922119,15.11,255,83.16470588,27.05882353
0.0001,0.0001,0.0001,85,5.716117564,14.87,255,83.17647059,27.05882353
0.0001,0.0001,0.0001,85,5.808313008,14.63,255,83.18823529,27.07058824
0.0001,0.0001,0.0001,85,5.900508453,14.41,255,83.2,27.07058824
0.0001,0.0001,0.0001,85,5.992703897,14.18,255,99.2,27.55294118
0.0001,0.0001,0.0001,85,6.084899342,13.97,255,83.21176471,27.07058824
0.0001,0.0001,0.0001,85,6.177094786,13.76,255,83.23529412,27.07058824
0.0001,0.0001,0.0001,85,6.269290231,13.56,255,83.24705882,27.08235294
0.0001,0.0001,0.0001,85,6.361485676,13.36,255,83.25882353,27.08235294
0.0001,0.0001,0.0001,85,6.45368112,13.17,255,83.28235294,27.08235294
0.0001,0.0001,0.0001,85,6.545876565,12.99,255,83.29411765,27.09411765
0.0001,0.0001,0.0001,85,6.638072009,12.80,255,83.31764706,27.09411765
0.0001,0.0001,0.0001,85,6.730267454,12.63,255,83.32941176,27.09411765
0.0001,0.0001,0.0001,85,6.822462898,12.46,255,83.35294118,27.10588235
0.0001,0.0001,0.0001,85,6.914658343,12.29,255,83.37647059,27.10588235
0.0001,0.0001,0.0001,85,7.006853788,12.13,255,99.2,27.55294118
0.0001,0.0001,0.0001,85,7.099049232,11.97,255,83.4,27.11764706
0.0001,0.0001,0.0001,85,7.191244677,11.82,255,83.41176471,27.11764706
0.0001,0.0001,0.0001,85,7.283440121,11.67,255,83.43529412,27.12941176
0.0001,0.0001,0.0001,85,7.375635566,11.52,255,83.45882353,27.14117647
0.0001,0.0001,0.0001,85,7.46783101,11.38,255,83.48235294,27.14117647
0.0001,0.0001,0.0001,85,7.560026455,11.24,255,83.50588235,27.15294118
0.0001,0.0001,0.0001,85,7.6522219,11.11,255,83.52941176,27.15294118
0.0001,0.0001,0.0001,85,7.744417344,10.98,255,83.55294118,27.16470588
0.0001,0.0001,0.0001,85,7.836612789,10.85,255,83.57647059,27.17647059
0.0001,0.0001,0.0001,85,7.928808233,10.72,255,83.61176471,27.17647059
0.0001,0.0001,0.0001,85,8.021003678,10.60,255,99.21176471,27.55294118
0.0001,0.0001,0.0001,85,8.113199122,10.48,255,83.63529412,27.18823529
0.0001,0.0001,0.0001,85,8.205394567,10.36,255,83.65882353,27.2
0.0001,0.0001,0.0001,85,8.297590012,10.24,255,83.69411765,27.21176471
0.0001,0.0001,0.0001,85,8.389785456,10.13,255,83.71764706,27.21176471
0.0001,0.0001,0.0001,85,8.481980901,10.02,255,83.74117647,27.22352941
0.0001,0.0001,0.0001,85,8.574176345,9.91,255,83.77647059,27.23529412
0.0001,0.0001,0.0001,85,8.66637179,9.81,255,83.8,27.24705882
0.0001,0.0001,0.0001,85,8.758567234,9.70,255,83.83529412,27.25882353
0.0001,0.0001,0.0001,85,8.850762679,9.60,255,83.85882353,27.25882353
0.0001,0.0001,0.0001,85,8.942958124,9.50,255,83.89411765,27.27058824
0.0001,0.0001,0.0001,85,9.035153568,9.41,255,99.21176471,27.54117647
0.0001,0.0001,0.0001,85,9.127349013,9.31,255,83.91764706,27.28235294
0.0001,0.0001,0.0001,85,9.219544457,9.22,255,83.95294118,27.29411765
0.0001,0.0001,0.0001,85,9.311739902,9.13,255,83.98823529,27.30588235
0.0001,0.0001,0.0001,85,9.403935346,9.04,255,84.01176471,27.31764706
0.0001,0.0001,0.0001,85,9.496130791,8.95,255,84.04705882,27.32941176
0.0001,0.0001,0.0001,85,9.588326236,8.86,255,84.08235294,27.34117647
0.0001,0.0001,0.0001,85,9.68052168,8.78,255,84.11764706,27.35294118
0.0001,0.0001,0.0001,85,9.772717125,8.70,255,84.15294118,27.36470588
0.0001,0.0001,0.0001,85,9.864912569,8.62,255,84.17647059,27.37647059
0.0001,0.0001,0.0001,85,9.957108014,8.54,255,84.21176471,27.38823529
0.0001,0.0001,0.0001,85,10.04930346,8.46,255,99.21176471,27.54117647
0.0001,0.0001,0.0001,85,10.1414989,8.38,255,84.24705882,27.4
0.0001,0.0001,0.0001,85,10.23369435,8.31,255,84.28235294,27.41176471
0.0001,0.0001,0.0001,85,10.32588979,8.23,255,84.31764706,27.42352941
0.0001,0.0001,0.0001,85,10.41808524,8.16,255,84.35294118,27.43529412
0.0001,0.0001,0.0001,85,10.51028068,8.09,255,84.38823529,27.44705882
0.0001,0.0001,0.0001,85,10.60247613,8.02,255,84.42352941,27.45882353
0.0001,0.0001,0.0001,85,10.69467157,7.95,255,84.45882353,27.47058824
0.0001,0.0001,0.0001,85,10.78686702,7.88,255,84.50588235,27.49411765
0.0001,0.0001,0.0001,85,10.87906246,7.81,255,84.54117647,27.50588235
0.0001,0.0001,0.0001,85,10.9712579,7.75,255,84.57647059,27.51764706
0.0001,0.0001,0.0001,85,11.06345335,7.68,255,99.22352941,27.54117647
0.0001,0.0001,0.0001,85,11.15564879,7.62,255,84.61176471,27.52941176
0.0001,0.0001,0.0001,85,11.24784424,7.56,255,84.64705882,27.54117647
0.0001,0.0001,0.0001,85,11.34003968,7.50,255,84.69411765,27.55294118
0.0001,0.0001,0.0001,85,11.43223513,7.44,255,84.72941176,27.57647059
0.0001,0.0001,0.0001,85,11.52443057,7.38,255,84.76470588,27.58823529
0.0001,0.0001,0.0001,85,11.61662602,7.32,255,84.81176471,27.6
0.0001,0.0001,0.0001,85,11.70882146,7.26,255,84.84705882,27.61176471
0.0001,0.0001,0.0001,85,11.80101691,7.20,255,84.88235294,27.63529412
0.0001,0.0001,0.0001,85,11.89321235,7.15,255,84.92941176,27.64705882
0.0001,0.0001,0.0001,85,11.98540779,7.09,255,84.96470588,27.65882353
0.0001,0.0001,0.0001,85,12.07760324,7.04,255,99.23529412,27.54117647
0.0001,0.0001,0.0001,85,12.16979868,6.98,255,85.01176471,27.67058824
0.0001,0.0001,0.0001,85,12.26199413,6.93,255,85.04705882,27.69411765
0.0001,0.0001,0.0001,85,12.35418957,6.88,255,85.08235294,27.70588235
0.0001,0.0001,0.0001,85,12.44638502,6.83,255,85.12941176,27.71764706
0.0001,0.0001,0.0001,85,12.53858046,6.78,255,85.16470588,27.74117647
0.0001,0.0001,0.0001,85,12.63077591,6.73,255,85.21176471,27.75294118
0.0001,0.0001,0.0001,85,12.72297135,6.68,255,85.25882353,27.76470588
0.0001,0.0001,0.0001,85,12.8151668,6.63,255,85.29411765,27.78823529
0.0001,0.0001,0.0001,85,12.90736224,6.59,255,85.34117647,27.8
0.0001,0.0001,0.0001,85,12.99955768,6.54,255,85.37647059,27.81176471
0.0001,0.0001,0.0001,85,13.09175313,6.49,255,99.23529412,27.54117647
0.0001,0.0001,0.0001,85,13.18394857,6.45,255,85.42352941,27.83529412
0.0001,0.0001,0.0001,85,13.27614402,6.40,255,85.47058824,27.84705882
0.0001,0.0001,0.0001,85,13.36833946,6.36,255,85.51764706,27.87058824
0.0001,0.0001,0.0001,85,13.46053491,6.31,255,85.55294118,27.88235294
0.0001,0.0001,0.0001,85,13.55273035,6.27,255,85.6,27.90588235
0.0001,0.0001,0.0001,85,13.6449258,6.23,255,85.64705882,27.91764706
0.0001,0.0001,0.0001,85,13.73712124,6.19,255,85.69411765,27.92941176
0.0001,0.0001,0.0001,85,13.82931669,6.15,255,85.72941176,27.95294118
0.0001,0.0001,0.0001,85,13.92151213,6.11,255,85.77647059,27.96470588
0.0001,0.0001,0.0001,85,14.01370758,6.07,255,85.82352941,27.98823529
0.0001,0.0001,0.0001,85,14.10590302,6.03,255,101.4941176,28.75294118
0.0001,0.0001,0.0001,85,14.19809846,5.99,255,99.24705882,27.54117647
0.0001,0.0001,0.0001,85,14.29029391,5.95,255,85.87058824,28
0.0001,0.0001,0.0001,85,14.38248935,5.91,255,85.91764706,28.02352941
0.0001,0.0001,0.0001,85,14.4746848,5.87,255,85.96470588,28.03529412
0.0001,0.0001,0.0001,85,14.56688024,5.84,255,86.01176471,28.05882353
0.0001,0.0001,0.0001,85,14.65907569,5.80,255,80.71764706,28.55294118
0.0001,0.0001,0.0001,85,14.75127113,5.76,255,80.54117647,28.45882353
0.0001,0.0001,0.0001,85,14.84346658,5.73,255,80.37647059,28.37647059
0.0001,0.0001,0.0001,85,14.93566202,5.69,255,80.21176471,28.29411765
0.0001,0.0001,0.0001,85,15.02785747,5.66,255,80.05882353,28.21176471
0.0001,0.0001,0.0001,85,15.12005291,5.62,255,79.91764706,28.14117647
0.0001,0.0001,0.0001,85,15.21224835,5.59,255,99.25882353,27.54117647
0.0001,0.0001,0.0001,85,15.3044438,5.55,255,79.78823529,28.08235294
0.0001,0.0001,0.0001,85,15.39663924,5.52,255,79.65882353,28.01176471
0.0001,0.0001,0.0001,85,15.48883469,5.49,255,79.52941176,27.95294118
0.0001,0.0001,0.0001,85,15.58103013,5.46,255,79.42352941,27.89411765
0.0001,0.0001,0.0001,85,15.67322558,5.42,255,79.31764706,27.83529412
0.0001,0.0001,0.0001,85,15.76542102,5.39,255,79.21176471,27.78823529
0.0001,0.0001,0.0001,85,15.85761647,5.36,255,79.11764706,27.74117647
0.0001,0.0001,0.0001,85,15.94981191,5.33,255,79.02352941,27.69411765
0.0001,0.0001,0.0001,85,16.04200736,5.30,255,78.94117647,27.64705882
0.0001,0.0001,0.0001,85,16.1342028,5.27,255,78.85882353,27.6
0.0001,0.0001,0.0001,85,16.22639824,5.24,255,99.27058824,27.54117647
0.0001,0.0001,0.0001,85,16.31859369,5.21,255,78.77647059,27.56470588
0.0001,0.0001,0.0001,85,16.41078913,5.18,255,78.70588235,27.52941176
0.0001,0.0001,0.0001,85,16.50298458,5.15,255,78.63529412,27.49411765
0.0001,0.0001,0.0001,85,16.59518002,5.12,255,78.56470588,27.45882353
0.0001,0.0001,0.0001,85,16.68737547,5.09,255,78.50588235,27.42352941
0.0001,0.0001,0.0001,85,16.77957091,5.07,255,78.44705882,27.4
0.0001,0.0001,0.0001,85,16.87176636,5.04,255,78.4,27.36470588
0.0001,0.0001,0.0001,85,16.9639618,5.01,255,78.34117647,27.34117647
0.0001,0.0001,0.0001,85,17.05615725,4.98,255,78.29411765,27.31764706
0.0001,0.0001,0.0001,85,17.14835269,4.96,255,78.24705882,27.28235294
0.0001,0.0001,0.0001,85,17.24054814,4.93,255,99.28235294,27.55294118
0.0001,0.0001,0.0001,85,17.33274358,4.90,255,78.2,27.25882353
0.0001,0.0001,0.0001,85,17.42493902,4.88,255,78.16470588,27.23529412
0.0001,0.0001,0.0001,85,17.51713447,4.85,255,78.12941176,27.22352941
0.0001,0.0001,0.0001,85,17.60932991,4.83,255,78.09411765,27.2
0.0001,0.0001,0.0001,85,17.70152536,4.80,255,78.05882353,27.17647059
0.0001,0.0001,0.0001,85,17.7937208,4.78,255,78.02352941,27.16470588
0.0001,0.0001,0.0001,85,17.88591625,4.75,255,78,27.14117647
0.0001,0.0001,0.0001,85,17.97811169,4.73,255,77.96470588,27.12941176
0.0001,0.0001,0.0001,85,18.07030714,4.70,255,77.94117647,27.11764706
0.0001,0.0001,0.0001,85,18.16250258,4.68,255,77.91764706,27.10588235
0.0001,0.0001,0.0001,85,18.25469803,4.66,255,99.29411765,27.55294118
0.0001,0.0001,0.0001,85,18.34689347,4.63,255,77.89411765,27.08235294
0.0001,0.0001,0.0001,85,18.43908891,4.61,255,77.88235294,27.07058824
0.0001,0.0001,0.0001,80,4.472135955,17.89,240,82.725,28.75
0.0001,0.0001,0.0001,80,4.561578674,17.54,240,82.7125,28.75
0.0001,0.0001,0.0001,80,4.651021393,17.20,240,82.7,28.7375
0.0001,0.0001,0.0001,80,4.740464112,16.88,240,82.675,28.725
0.0001,0.0001,0.0001,80,4.829906831,16.56,240,82.6625,28.7125
0.0001,0.0001,0.0001,80,4.91934955,16.26,240,82.6625,28.7
0.0001,0.0001,0.0001,80,5.00879227,15.97,240,82.65,28.7
0.0001,0.0001,0.0001,80,5.098234989,15.69,240,82.6375,28.6875
0.0001,0.0001,0.0001,80,5.187677708,15.42,240,105.5125,29.275
0.0001,0.0001,0.0001,80,5.277120427,15.16,240,82.6375,28.6875
0.0001,0.0001,0.0001,80,5.366563146,14.91,240,82.625,28.675
0.0001,0.0001,0.0001,80,5.456005865,14.66,240,82.625,28.675
0.0001,0.0001,0.0001,80,5.545448584,14.43,240,82.625,28.6625
0.0001,0.0001,0.0001,80,5.634891303,14.20,240,82.625,28.6625
0.0001,0.0001,0.0001,80,5.724334022,13.98,240,82.625,28.6625
0.0001,0.0001,0.0001,80,5.813776741,13.76,240,82.625,28.65
0.0001,0.0001,0.0001,80,5.903219461,13.55,240,82.625,28.65
0.0001,0.0001,0.0001,80,5.99266218,13.35,240,82.625,28.65
0.0001,0.0001,0.0001,80,6.082104899,13.15,240,82.625,28.65
0.0001,0.0001,0.0001,80,6.171547618,12.96,240,105.525,29.275
0.0001,0.0001,0.0001,80,6.260990337,12.78,240,82.6375,28.65
0.0001,0.0001,0.0001,80,6.350433056,12.60,240,82.6375,28.65
0.0001,0.0001,0.0001,80,6.439875775,12.42,240,82.65,28.65
0.0001,0.0001,0.0001,80,6.529318494,12.25,240,82.65,28.65
0.0001,0.0001,0.0001,80,6.618761213,12.09,240,82.6625,28.65
0.0001,0.0001,0.0001,80,6.708203932,11.93,240,82.675,28.65
0.0001,0.0001,0.0001,80,6.797646652,11.77,240,82.6875,28.65
0.0001,0.0001,0.0001,80,6.887089371,11.62,240,82.7,28.65
0.0001,0.0001,0.0001,80,6.97653209,11.47,240,82.7125,28.65
0.0001,0.0001,0.0001,80,7.065974809,11.32,240,82.725,28.65
0.0001,0.0001,0.0001,80,7.155417528,11.18,240,105.55,29.2875
0.0001,0.0001,0.0001,80,7.244860247,11.04,240,82.7375,28.65
0.0001,0.0001,0.0001,80,7.334302966,10.91,240,82.75,28.6625
0.0001,0.0001,0.0001,80,7.423745685,10.78,240,82.7625,28.6625
0.0001,0.0001,0.0001,80,7.513188404,10.65,240,82.7875,28.6625
0.0001,0.0001,0.0001,80,7.602631123,10.52,240,82.8,28.6625
0.0001,0.0001,0.0001,80,7.692073843,10.40,240,82.8125,28.675
0.0001,0.0001,0.0001,80,7.781516562,10.28,240,82.8375,28.675
0.0001,0.0001,0.0001,80,7.870959281,10.16,240,82.85,28.675
0.0001,0.0001,0.0001,80,7.960402,10.05,240,82.875,28.6875
0.0001,0.0001,0.0001,80,8.049844719,9.94,240,82.8875,28.6875
0.0001,0.0001,0.0001,80,8.139287438,9.83,240,105.5625,29.2875
0.0001,0.0001,0.0001,80,8.228730157,9.72,240,82.9125,28.7
0.0001,0.0001,0.0001,80,8.318172876,9.62,240,82.9375,28.7
0.0001,0.0001,0.0001,80,8.407615595,9.52,240,82.9625,28.7125
0.0001,0.0001,0.0001,80,8.497058314,9.42,240,82.975,28.7125
0.0001,0.0001,0.0001,80,8.586501034,9.32,240,83,28.725
0.0001,0.0001,0.0001,80,8.675943753,9.22,240,83.025,28.725
0.0001,0.0001,0.0001,80,8.765386472,9.13,240,83.05,28.7375
0.0001,0.0001,0.0001,80,8.854829191,9.03,240,83.075,28.75
0.0001,0.0001,0.0001,80,8.94427191,8.94,240,83.1,28.75
0.0001,0.0001,0.0001,80,9.033714629,8.86,240,83.125,28.7625
0.0001,0.0001,0.0001,80,9.123157348,8.77,240,105.5875,29.2875
0.0001,0.0001,0.0001,80,9.212600067,8.68,240,83.15,28.7625
0.0001,0.0001,0.0001,80,9.302042786,8.60,240,83.175,28.775
0.0001,0.0001,0.0001,80,9.391485505,8.52,240,83.2,28.7875
0.0001,0.0001,0.0001,80,9.480928225,8.44,240,83.2375,28.8
0.0001,0.0001,0.0001,80,9.570370944,8.36,240,83.2625,28.8
0.0001,0.0001,0.0001,80,9.659813663,8.28,240,83.2875,28.8125
0.0001,0.0001,0.0001,80,9.749256382,8.21,240,83.325,28.825
0.0001,0.0001,0.0001,80,9.838699101,8.13,240,83.35,28.8375
0.0001,0.0001,0.0001,80,9.92814182,8.06,240,83.375,28.8375
0.0001,0.0001,0.0001,80,10.01758454,7.99,240,83.4125,28.85
0.0001,0.0001,0.0001,80,10.10702726,7.92,240,107.6875,30.4875
0.0001,0.0001,0.0001,80,10.19646998,7.85,240,105.6,29.3
0.0001,0.0001,0.0001,80,10.2859127,7.78,240,83.4375,28.8625
0.0001,0.0001,0.0001,80,10.37535542,7.71,240,83.475,28.875
0.0001,0.0001,0.0001,80,10.46479813,7.64,240,83.5,28.8875
0.0001,0.0001,0.0001,80,10.55424085,7.58,240,83.5375,28.9
0.0001,0.0001,0.0001,80,10.64368357,7.52,240,83.5625,28.9125
0.0001,0.0001,0.0001,80,10.73312629,7.45,240,83.6,28.925
0.0001,0.0001,0.0001,80,10.82256901,7.39,240,83.6375,28.925
0.0001,0.0001,0.0001,80,10.91201173,7.33,240,83.6625,28.9375
0.0001,0.0001,0.0001,80,11.00145445,7.27,240,83.7,28.95
0.0001,0.0001,0.0001,80,11.09089717,7.21,240,83.7375,28.9625
0.0001,0.0001,0.0001,80,11.18033989,7.16,240,105.625,29.3
0.0001,0.0001,0.0001,80,11.26978261,7.10,240,83.775,28.975
0.0001,0.0001,0.0001,80,11.35922533,7.04,240,83.8125,28.9875
0.0001,0.0001,0.0001,80,11.44866804,6.99,240,83.8375,29
0.0001,0.0001,0.0001,80,11.53811076,6.93,240,83.875,29.0125
0.0001,0.0001,0.0001,80,11.62755348,6.88,240,83.9125,29.025
0.0001,0.0001,0.0001,80,11.7169962,6.83,240,83.95,29.0375
0.0001,0.0001,0.0001,80,11.80643892,6.78,240,83.9875,29.0625
0.0001,0.0001,0.0001,80,11.89588164,6.73,240,84.025,29.075
0.0001,0.0001,0.0001,80,11.98532436,6.67,240,84.0625,29.0875
0.0001,0.0001,0.0001,80,12.07476708,6.63,240,84.1,29.1
0.0001,0.0001,0.0001,80,12.1642098,6.58,240,105.6375,29.3
0.0001,0.0001,0.0001,80,12.25365252,6.53,240,84.1375,29.1125
0.0001,0.0001,0.0001,80,12.34309524,6.48,240,84.175,29.125
0.0001,0.0001,0.0001,80,12.43253795,6.43,240,84.2125,29.1375
0.0001,0.0001,0.0001,80,12.52198067,6.39,240,84.25,29.15
0.0001,0.0001,0.0001,80,12.61142339,6.34,240,84.2875,29.175
0.0001,0.0001,0.0001,80,12.70086611,6.30,240,84.3375,29.1875
0.0001,0.0001,0.0001,80,12.79030883,6.25,240,84.375,29.2
0.0001,0.0001,0.0001,80,12.87975155,6.21,240,84.4125,29.2125
0.0001,0.0001,0.0001,80,12.96919427,6.17,240,84.45,29.225
0.0001,0.0001,0.0001,80,13.05863699,6.13,240,84.5,29.25
0.0001,0.0001,0.0001,80,13.14807971,6.08,240,105.6625,29.3125
0.0001,0.0001,0.0001,80,13.23752243,6.04,240,84.5375,29.2625
0.0001,0.0001,0.0001,80,13.32696515,6.00,240,84.575,29.275
0.0001,0.0001,0.0001,80,13.41640786,5.96,240,84.625,29.2875
0.0001,0.0001,0.0001,80,13.50585058,5.92,240,84.6625,29.3125
0.0001,0.0001,0.0001,80,13.5952933,5.88,240,84.7,29.325
0.0001,0.0001,0.0001,80,13.68473602,5.85,240,84.75,29.3375
0.0001,0.0001,0.0001,80,13.77417874,5.81,240,84.7875,29.3625
0.0001,0.0001,0.0001,80,13.86362146,5.77,240,84.8375,29.375
0.0001,0.0001,0.0001,80,13.95306418,5.73,240,84.875,29.3875
0.0001,0.0001,0.0001,80,14.0425069,5.70,240,84.925,29.4
0.0001,0.0001,0.0001,80,14.13194962,5.66,240,105.6875,29.3125
0.0001,0.0001,0.0001,80,14.22139234,5.63,240,84.9625,29.425
0.0001,0.0001,0.0001,80,14.31083506,5.59,240,85.0125,29.4375
0.0001,0.0001,0.0001,80,14.40027778,5.56,240,85.05,29.4625
0.0001,0.0001,0.0001,80,14.48972049,5.52,240,85.1,29.475
0.0001,0.0001,0.0001,80,14.57916321,5.49,240,85.1375,29.4875
0.0001,0.0001,0.0001,80,14.66860593,5.45,240,85.1875,29.5125
0.0001,0.0001,0.0001,80,14.75804865,5.42,240,85.2375,29.525
0.0001,0.0001,0.0001,80,14.84749137,5.39,240,85.275,29.55
0.0001,0.0001,0.0001,80,14.93693409,5.36,240,85.325,29.5625
0.0001,0.0001,0.0001,80,15.02637681,5.32,240,85.375,29.575
0.0001,0.0001,0.0001,80,15.11581953,5.29,240,105.7125,29.325
0.0001,0.0001,0.0001,80,15.20526225,5.26,240,85.4125,29.6
0.0001,0.0001,0.0001,80,15.29470497,5.23,240,85.4625,29.6125
0.0001,0.0001,0.0001,80,15.38414769,5.20,240,85.5125,29.6375
0.0001,0.0001,0.0001,80,15.4735904,5.17,240,85.5625,29.65
0.0001,0.0001,0.0001,80,15.56303312,5.14,240,85.6,29.675
0.0001,0.0001,0.0001,80,15.65247584,5.11,240,105.7375,29.325
0.0001,0.0001,0.0001,80,15.74191856,5.08,240,105.7625,29.3375
0.0001,0.0001,0.0001,80,15.83136128,5.05,240,105.7875,29.3375
0.0001,0.0001,0.0001,80,15.920804,5.02,240,105.8125,29.35
0.0001,0.0001,0.0001,80,16.01024672,5.00,240,107.5375,30.4125
0.0001,0.0001,0.0001,80,16.09968944,4.97,240,105.8375,29.3625
0.0001,0.0001,0.0001,80,16.18913216,4.94,240,105.8625,29.3625
0.0001,0.0001,0.0001,80,16.27857488,4.91,240,105.8875,29.375
0.0001,0.0001,0.0001,80,16.3680176,4.89,240,105.9125,29.3875
0.0001,0.0001,0.0001,80,16.45746031,4.86,240,105.95,29.3875
0.0001,0.0001,0.0001,80,16.54690303,4.83,240,105.975,29.4
0.0001,0.0001,0.0001,80,16.63634575,4.81,240,106,29.4125
0.0001,0.0001,0.0001,80,16.72578847,4.78,240,106.0375,29.425
0.0001,0.0001,0.0001,80,16.81523119,4.76,240,106.0625,29.425
0.0001,0.0001,0.0001,80,16.90467391,4.73,240,106.1,29.4375
0.0001,0.0001,0.0001,80,16.99411663,4.71,240,107.4,30.35
0.0001,0.0001,0.0001,80,17.08355935,4.68,240,106.125,29.45
0.0001,0.0001,0.0001,80,17.17300207,4.66,240,106.1625,29.4625
0.0001,0.0001,0.0001,80,17.26244479,4.63,240,106.2,29.475
0.0001,0.0001,0.0001,80,17.35188751,4.61,240,106.225,29.4875
0.0001,0.0001,0.0001,80,17.44133022,4.59,240,106.2625,29.5
0.0001,0.0001,0.0001,80,17.53077294,4.56,240,106.3,29.5
0.0001,0.0001,0.0001,80,17.62021566,4.54,240,106.3375,29.5125
0.0001,0.0001,0.0001,80,17.70965838,4.52,240,106.375,29.525
0.0001,0.0001,0.0001,80,17.7991011,4.49,240,106.4,29.5375
0.0001,0.0001,0.0001,80,17.88854382,4.47,240,106.4375,29.55
